id,first_name,last_name,email,gender,ip_address
1,Filippo,Naisby,fnaisby0@mac.com,Male,100.177.206.65
2,Eustace,Lehrahan,elehrahan1@bloglovin.com,Male,154.217.239.10
3,Madge,Jessep,mjessep2@hatena.ne.jp,Female,74.20.103.11
4,Tudor,O'Doireidh,todoireidh3@bloglovin.com,Male,135.79.134.218
5,Roselia,Loving,rloving4@bluehost.com,Female,110.251.182.155
6,Clovis,Merkel,cmerkel5@odnoklassniki.ru,Female,58.113.28.44
7,Fancie,Bleckly,fbleckly6@zimbio.com,Female,105.36.56.247
8,Cortney,Bloor,cbloor7@pinterest.com,Female,36.60.80.225
9,Susanetta,Gligorijevic,sgligorijevic8@shinystat.com,Female,2.64.46.154
10,Cassandry,Cocker,ccocker9@abc.net.au,Female,15.73.132.146
11,Felita,Rogerot,frogerota@usnews.com,Female,0.187.80.5
12,Ole,Grinley,ogrinleyb@merriam-webster.com,Genderfluid,210.109.82.124
13,Timmy,Hansana,thansanac@networksolutions.com,Male,197.112.163.7
14,Elsinore,Stowell,estowelld@java.com,Female,75.184.212.198
15,Wilt,Burke,wburkee@ucsd.edu,Non-binary,128.135.189.185
16,Leone,Littell,llittellf@jigsy.com,Female,23.220.88.199
17,Boigie,Jahncke,bjahnckeg@scientificamerican.com,Male,58.144.247.110
18,Ros,McGrowther,rmcgrowtherh@sohu.com,Female,92.209.165.172
19,Alain,Buckie,abuckiei@oakley.com,Male,219.246.130.65
20,Allard,Maven,amavenj@china.com.cn,Male,41.251.143.39
21,Redd,Weekley,rweekleyk@rakuten.co.jp,Male,18.75.90.179
22,Percy,Karppi,pkarppil@ustream.tv,Male,29.209.56.222
23,Casper,Tolworthie,ctolworthiem@ed.gov,Male,110.213.134.29
24,Bealle,MacKenny,bmackennyn@discovery.com,Male,127.150.100.143
25,Hermione,Corser,hcorsero@mozilla.org,Genderqueer,179.253.122.108
26,Pascal,Rafe,prafep@auda.org.au,Male,2.154.159.192
27,Gilbert,Krout,gkroutq@360.cn,Male,54.255.149.160
28,Louisette,Trynor,ltrynorr@deliciousdays.com,Female,167.46.106.14
29,Vitoria,Cristobal,vcristobals@cisco.com,Female,12.222.129.142
30,Harley,Hillaby,hhillabyt@stumbleupon.com,Male,41.92.113.115
31,Gabriello,Yeaman,gyeamanu@blogspot.com,Male,44.251.74.11
32,Friedrich,Grossier,fgrossierv@blog.com,Male,211.105.28.63
33,Debee,Chazelas,dchazelasw@utexas.edu,Female,2.147.89.81
34,Giuseppe,Simenot,gsimenotx@alibaba.com,Male,42.250.193.171
35,Benita,Willatts,bwillattsy@pinterest.com,Female,91.187.208.152
36,Daniele,Ryles,drylesz@wufoo.com,Female,113.195.88.245
37,Kristos,Basford,kbasford10@businessinsider.com,Male,119.119.65.4
38,Terri,D'Andrea,tdandrea11@noaa.gov,Genderqueer,11.27.170.205
39,Roshelle,Greason,rgreason12@technorati.com,Female,185.97.14.243
40,Godfry,Temporal,gtemporal13@slashdot.org,Male,36.24.191.106
41,Obidiah,Schleswig-Holstein,oschleswigholstein14@berkeley.edu,Male,54.10.248.0
42,Frannie,Peinton,fpeinton15@drupal.org,Male,86.158.63.219
43,Arabele,Extal,aextal16@ezinearticles.com,Female,214.15.11.138
44,Maressa,Handke,mhandke17@google.pl,Female,146.247.138.198
45,Gisella,Tremblet,gtremblet18@imgur.com,Female,135.54.11.222
46,Brian,Healing,bhealing19@ted.com,Male,106.49.145.224
47,Esteban,Muttitt,emuttitt1a@webs.com,Male,185.245.198.216
48,Lawry,Davson,ldavson1b@geocities.jp,Male,16.34.117.27
49,Web,Iacoboni,wiacoboni1c@sciencedirect.com,Male,164.243.88.243
50,Sonja,Pickover,spickover1d@buzzfeed.com,Non-binary,218.199.229.81
51,Sophey,Hyde-Chambers,shydechambers1e@tiny.cc,Female,64.223.2.229
52,Bartholomeus,Keford,bkeford1f@storify.com,Male,196.215.35.175
53,Morris,Trouncer,mtrouncer1g@mtv.com,Male,3.183.100.14
54,Cam,Skepper,cskepper1h@imdb.com,Male,81.176.185.53
55,Cheri,Falls,cfalls1i@army.mil,Female,18.107.24.96
56,Far,Candy,fcandy1j@printfriendly.com,Male,231.13.16.116
57,Kalila,Verrill,kverrill1k@cyberchimps.com,Female,92.47.226.229
58,Reinaldo,Reinger,rreinger1l@ehow.com,Male,178.163.224.69
59,Mateo,Coke,mcoke1m@dion.ne.jp,Male,102.198.213.219
60,Patrick,Sapena,psapena1n@thetimes.co.uk,Male,213.192.214.239
61,Marji,Haldene,mhaldene1o@springer.com,Female,25.230.245.233
62,Jo-anne,Draper,jdraper1p@smugmug.com,Bigender,18.59.115.125
63,Kaycee,Geerling,kgeerling1q@techcrunch.com,Non-binary,211.209.181.81
64,Orrin,Tunnah,otunnah1r@rambler.ru,Polygender,153.196.135.212
65,Tanney,Trynor,ttrynor1s@nbcnews.com,Bigender,206.233.187.253
66,Say,Tinner,stinner1t@vk.com,Male,198.123.108.234
67,Kayla,Bwy,kbwy1u@paypal.com,Female,199.90.235.221
68,Emmye,Eastope,eeastope1v@unc.edu,Female,167.157.248.93
69,Dar,Lamburn,dlamburn1w@accuweather.com,Male,152.117.179.214
70,Timothy,Hains,thains1x@macromedia.com,Genderfluid,131.126.218.236
71,Madlen,Kewley,mkewley1y@cisco.com,Female,219.115.51.152
72,Nicolai,Volante,nvolante1z@nasa.gov,Male,179.44.254.73
73,Kimmy,Duckels,kduckels20@chicagotribune.com,Female,15.76.235.65
74,Nicholle,Vogelein,nvogelein21@squarespace.com,Female,221.100.177.127
75,Kevina,Martellini,kmartellini22@ehow.com,Female,255.220.17.198
76,Beverly,Wabersich,bwabersich23@umn.edu,Female,219.190.191.85
77,Dougy,Alldred,dalldred24@discuz.net,Male,43.62.121.190
78,Ulysses,Daley,udaley25@nhs.uk,Male,79.42.54.71
79,Tomaso,Ledward,tledward26@amazon.de,Male,13.170.13.59
80,Pattie,Aimson,paimson27@reverbnation.com,Male,97.194.204.25
81,Tristam,Pirt,tpirt28@sciencedaily.com,Male,31.190.69.136
82,Cristobal,MacKinnon,cmackinnon29@mlb.com,Male,132.33.133.27
83,Horton,Gadsden,hgadsden2a@java.com,Male,44.228.188.25
84,Burgess,Pauncefoot,bpauncefoot2b@is.gd,Male,36.79.147.130
85,Dacey,Swatradge,dswatradge2c@alexa.com,Female,253.140.219.139
86,Wolfy,Lambol,wlambol2d@narod.ru,Male,40.51.181.50
87,Gamaliel,Footer,gfooter2e@histats.com,Male,165.194.139.83
88,Cointon,Jest,cjest2f@cocolog-nifty.com,Male,57.204.195.56
89,Caty,Prisk,cprisk2g@flickr.com,Female,254.154.45.219
90,Amber,Endrizzi,aendrizzi2h@ucoz.com,Genderfluid,7.209.109.75
91,Dario,Lanham,dlanham2i@tinyurl.com,Male,79.57.119.187
92,Cody,Towersey,ctowersey2j@spotify.com,Female,43.188.105.15
93,Dav,Caplen,dcaplen2k@networksolutions.com,Male,106.249.150.105
94,Lynnett,Benitez,lbenitez2l@shareasale.com,Female,100.10.17.90
95,Holden,Villalta,hvillalta2m@usgs.gov,Male,169.53.129.250
96,Carol-jean,Sibery,csibery2n@desdev.cn,Female,216.44.225.62
97,Lorianne,Cosin,lcosin2o@cbc.ca,Female,30.82.249.223
98,Zena,Lidgerton,zlidgerton2p@ebay.co.uk,Female,89.111.229.241
99,Lloyd,Giacoppoli,lgiacoppoli2q@wsj.com,Male,114.86.45.113
100,Shelby,Longwood,slongwood2r@bandcamp.com,Female,116.202.17.61
101,Leila,Pear,lpear2s@google.com.hk,Female,131.159.145.69
102,Whitby,Dreng,wdreng2t@stumbleupon.com,Male,78.214.123.240
103,Normy,Fenning,nfenning2u@google.it,Agender,74.221.82.225
104,Reginauld,Cloonan,rcloonan2v@house.gov,Male,253.135.97.129
105,Charmine,Klaiser,cklaiser2w@creativecommons.org,Female,215.102.63.77
106,Lorine,Selway,lselway2x@oracle.com,Female,204.159.232.90
107,Ermentrude,Staden,estaden2y@disqus.com,Female,239.141.188.197
108,Asia,Jeannin,ajeannin2z@friendfeed.com,Female,138.3.244.68
109,Rick,Clouston,rclouston30@devhub.com,Male,171.193.168.212
110,Shayne,Patsall,spatsall31@bandcamp.com,Female,244.15.45.61
111,Ainsley,Tomalin,atomalin32@google.nl,Female,55.195.118.109
112,Robbyn,Brafferton,rbrafferton33@nih.gov,Genderqueer,72.47.187.59
113,Edsel,Guihen,eguihen34@issuu.com,Male,12.100.195.115
114,Fiorenze,Asprey,fasprey35@meetup.com,Non-binary,9.76.5.116
115,Chelsy,Chadburn,cchadburn36@usatoday.com,Female,11.126.71.142
116,Dunstan,Harcase,dharcase37@ow.ly,Male,83.183.191.195
117,Jake,Drydale,jdrydale38@cocolog-nifty.com,Male,66.168.56.206
118,Analiese,Dutt,adutt39@icio.us,Female,54.20.227.23
119,Mireielle,Reddin,mreddin3a@google.ru,Genderqueer,3.123.191.95
120,Kenny,Ness,kness3b@blogger.com,Male,4.162.109.247
121,Sly,Spinage,sspinage3c@whitehouse.gov,Male,52.2.151.193
122,Ivor,Domengue,idomengue3d@tinypic.com,Male,146.213.80.145
123,Alfonso,Cornock,acornock3e@blogtalkradio.com,Male,253.204.121.75
124,Noby,Mattinson,nmattinson3f@discuz.net,Male,162.51.195.79
125,Cherey,Waldie,cwaldie3g@un.org,Genderqueer,200.95.15.137
126,Lulu,Milazzo,lmilazzo3h@ox.ac.uk,Female,159.1.85.167
127,Kally,Carryer,kcarryer3i@google.fr,Female,172.215.70.5
128,Hilary,Del Castello,hdelcastello3j@nymag.com,Female,22.186.126.57
129,Jayne,Jollye,jjollye3k@gnu.org,Female,230.241.27.232
130,Tyson,Cheater,tcheater3l@ca.gov,Male,98.82.116.180
131,Meris,Bolam,mbolam3m@ezinearticles.com,Female,73.4.123.225
132,Lyndell,Deaville,ldeaville3n@harvard.edu,Genderfluid,166.126.83.247
133,Maxwell,Fiddler,mfiddler3o@linkedin.com,Male,180.18.18.127
134,Chlo,Pinnick,cpinnick3p@diigo.com,Female,154.77.230.236
135,Tami,Unwin,tunwin3q@wiley.com,Non-binary,207.110.80.152
136,Rosamond,Orrin,rorrin3r@google.de,Polygender,7.212.97.141
137,Sullivan,Davidsson,sdavidsson3s@e-recht24.de,Male,0.35.17.197
138,Jakie,De Stoop,jdestoop3t@live.com,Male,230.250.0.242
139,Dorita,Skerritt,dskerritt3u@issuu.com,Female,177.43.139.211
140,Godard,Kenvin,gkenvin3v@admin.ch,Male,104.31.88.177
141,Noelani,Asplen,nasplen3w@oaic.gov.au,Female,139.122.235.242
142,Hodge,Sockell,hsockell3x@goodreads.com,Male,66.218.93.62
143,Bink,Wiggins,bwiggins3y@statcounter.com,Non-binary,39.86.157.222
144,Alasdair,Cattenach,acattenach3z@comcast.net,Bigender,41.85.141.207
145,Caroline,Cuckson,ccuckson40@ovh.net,Female,32.9.223.187
146,Glyn,McGlynn,gmcglynn41@shareasale.com,Male,87.76.139.214
147,Archibold,Mariaud,amariaud42@stanford.edu,Male,122.120.65.91
148,Llewellyn,Barthelemy,lbarthelemy43@examiner.com,Male,51.136.12.113
149,Sid,Krzysztofiak,skrzysztofiak44@hugedomains.com,Male,9.40.105.70
150,Gar,Cosely,gcosely45@google.it,Bigender,46.62.1.226
151,Aleen,Routley,aroutley46@wunderground.com,Female,152.65.11.3
152,Stephie,Fearn,sfearn47@infoseek.co.jp,Female,79.172.171.230
153,Caesar,Mussilli,cmussilli48@studiopress.com,Male,132.186.30.239
154,Electra,Tassaker,etassaker49@amazon.co.jp,Female,194.72.192.108
155,Retha,Horsley,rhorsley4a@loc.gov,Female,84.82.221.121
156,Alisander,Goodey,agoodey4b@hexun.com,Male,188.35.226.153
157,Bari,de Clerk,bdeclerk4c@google.com.br,Female,28.86.13.234
158,Charlotte,Ginty,cginty4d@twitpic.com,Agender,162.180.51.1
159,Yettie,Ebbings,yebbings4e@angelfire.com,Female,68.128.234.17
160,Willem,McHale,wmchale4f@dyndns.org,Male,98.199.52.145
161,Tessa,Halwill,thalwill4g@fda.gov,Polygender,2.167.119.69
162,Carlin,Chatburn,cchatburn4h@e-recht24.de,Male,228.187.9.200
163,Antoinette,Hanington,ahanington4i@jiathis.com,Female,137.161.152.247
164,Ronni,Witterick,rwitterick4j@printfriendly.com,Female,48.89.158.8
165,Clive,Keaveny,ckeaveny4k@phpbb.com,Male,118.108.111.169
166,Briano,Werlock,bwerlock4l@unesco.org,Male,81.17.186.38
167,Jacquelin,Garry,jgarry4m@cbc.ca,Bigender,88.190.93.199
168,Teresita,Saxelby,tsaxelby4n@yandex.ru,Female,94.185.11.129
169,Arliene,Wraxall,awraxall4o@oaic.gov.au,Female,100.176.225.222
170,Farlie,Bagehot,fbagehot4p@storify.com,Male,120.71.37.218
171,Melita,Jeff,mjeff4q@miibeian.gov.cn,Female,242.197.160.243
172,Tull,McQuaker,tmcquaker4r@about.com,Male,39.155.2.104
173,Edsel,Bogace,ebogace4s@usa.gov,Male,114.105.251.170
174,Benton,Jandera,bjandera4t@noaa.gov,Male,215.132.158.238
175,Desi,Sturgess,dsturgess4u@w3.org,Male,241.215.73.161
176,Ignazio,Abdie,iabdie4v@japanpost.jp,Male,33.152.205.94
177,Spence,McCormack,smccormack4w@mit.edu,Male,18.187.222.10
178,Donal,Heindrich,dheindrich4x@slideshare.net,Male,75.214.80.219
179,Deva,Bartak,dbartak4y@boston.com,Genderqueer,35.209.76.113
180,Gregorius,Aldington,galdington4z@ezinearticles.com,Male,184.229.192.241
181,Rosco,Quare,rquare50@stanford.edu,Genderfluid,100.148.40.131
182,Clovis,Evesque,cevesque51@netlog.com,Female,161.229.190.10
183,Raleigh,Jachimczak,rjachimczak52@oaic.gov.au,Male,142.54.246.148
184,Chalmers,Martonfi,cmartonfi53@paypal.com,Male,12.23.187.121
185,Waite,Caldero,wcaldero54@netlog.com,Male,100.128.41.228
186,Barbette,Sansam,bsansam55@pcworld.com,Female,233.131.57.124
187,Eddi,Fosh,efosh56@cornell.edu,Female,129.140.7.81
188,Marice,Lammas,mlammas57@cam.ac.uk,Female,49.128.179.159
189,Valentia,Simeons,vsimeons58@opera.com,Female,123.248.79.154
190,Grover,Bride,gbride59@foxnews.com,Male,209.96.224.238
191,Rebeca,Urey,rurey5a@oracle.com,Bigender,249.142.131.78
192,Gaelan,Gohn,ggohn5b@wsj.com,Male,50.187.196.185
193,Clare,Williment,cwilliment5c@ovh.net,Male,203.69.116.172
194,Spense,Entres,sentres5d@washington.edu,Male,156.171.95.74
195,Adrien,Shoutt,ashoutt5e@bizjournals.com,Male,110.234.90.201
196,Neill,Burnsall,nburnsall5f@barnesandnoble.com,Male,241.103.177.50
197,Ailene,Barsham,abarsham5g@sohu.com,Female,128.44.250.35
198,Ara,Beswick,abeswick5h@cargocollective.com,Male,168.118.140.185
199,Othilie,Ollander,oollander5i@technorati.com,Female,254.60.255.182
200,Brooks,Tebbitt,btebbitt5j@omniture.com,Male,189.68.74.227
201,Barron,Chaloner,bchaloner5k@php.net,Male,138.118.49.245
202,Giana,Meiklem,gmeiklem5l@virginia.edu,Female,251.194.31.52
203,Algernon,Ivakhnov,aivakhnov5m@ustream.tv,Male,169.209.211.199
204,Hebert,MacSharry,hmacsharry5n@wix.com,Male,77.155.173.23
205,Rowan,Francesc,rfrancesc5o@netscape.com,Agender,54.153.53.83
206,Keane,Hadcock,khadcock5p@reuters.com,Male,216.23.133.111
207,Vin,Troy,vtroy5q@slideshare.net,Female,53.239.113.53
208,Andrej,Franzotto,afranzotto5r@patch.com,Male,155.70.72.193
209,Morse,Landsman,mlandsman5s@illinois.edu,Male,98.175.235.141
210,Morena,Barnfield,mbarnfield5t@biblegateway.com,Female,143.79.16.39
211,Pace,Akess,pakess5u@redcross.org,Male,48.236.64.148
212,Tracey,Boorer,tboorer5v@salon.com,Female,24.52.191.17
213,Red,Faccini,rfaccini5w@imageshack.us,Male,244.26.42.39
214,Kerr,Emeny,kemeny5x@hibu.com,Male,30.50.28.33
215,Arney,Ausiello,aausiello5y@spotify.com,Male,36.126.76.81
216,Tudor,Pragnall,tpragnall5z@blogspot.com,Male,82.121.143.151
217,Valencia,O'Lenechan,volenechan60@feedburner.com,Female,112.163.42.198
218,Deane,Noyce,dnoyce61@comsenz.com,Male,226.47.245.133
219,Hayley,Blemen,hblemen62@hc360.com,Female,43.153.231.248
220,Horatio,Duffett,hduffett63@usnews.com,Agender,191.71.244.34
221,Germaine,Mangon,gmangon64@diigo.com,Male,202.189.178.12
222,Carver,Cornthwaite,ccornthwaite65@hp.com,Male,38.227.210.17
223,Regan,Easter,reaster66@angelfire.com,Female,49.247.252.252
224,Jack,Hawkett,jhawkett67@intel.com,Male,75.15.45.246
225,Lorrayne,Sabati,lsabati68@ox.ac.uk,Genderqueer,181.58.171.132
226,Diarmid,Le Huquet,dlehuquet69@wunderground.com,Male,201.184.223.128
227,Berenice,Loins,bloins6a@reverbnation.com,Female,218.16.16.156
228,Jackqueline,Woodroofe,jwoodroofe6b@microsoft.com,Female,143.86.26.144
229,Alisander,McIvor,amcivor6c@guardian.co.uk,Male,78.239.116.215
230,Alvis,Barttrum,abarttrum6d@phoca.cz,Male,2.84.41.28
231,Del,Clinch,dclinch6e@networksolutions.com,Male,72.43.145.206
232,Tabor,Yeates,tyeates6f@yelp.com,Male,158.230.46.251
233,Poppy,Bresner,pbresner6g@theatlantic.com,Female,48.121.61.168
234,Simone,Barriball,sbarriball6h@wunderground.com,Female,198.229.172.75
235,Agata,Gryglewski,agryglewski6i@hubpages.com,Female,3.174.191.118
236,Penrod,Doring,pdoring6j@surveymonkey.com,Male,205.218.116.69
237,Clarence,Dreng,cdreng6k@dion.ne.jp,Male,6.245.167.220
238,Adriaens,Jumel,ajumel6l@trellian.com,Female,18.120.14.77
239,Lynnette,Edmands,ledmands6m@purevolume.com,Female,85.35.122.238
240,Rolfe,Kinge,rkinge6n@goodreads.com,Male,57.73.45.226
241,Janina,Auden,jauden6o@mozilla.org,Female,56.160.34.242
242,Pat,Uzielli,puzielli6p@cnn.com,Female,174.214.101.158
243,Liesa,Ridde,lridde6q@yellowbook.com,Female,156.75.28.224
244,Augustine,Lebell,alebell6r@nps.gov,Male,17.86.182.29
245,Rutter,Dradey,rdradey6s@europa.eu,Male,6.189.28.239
246,Sheilakathryn,Ricciardo,sricciardo6t@networksolutions.com,Female,113.100.38.60
247,Verne,Blaney,vblaney6u@topsy.com,Male,190.250.105.170
248,Izaak,Caltera,icaltera6v@google.co.jp,Male,113.174.180.193
249,Wake,Ruddell,wruddell6w@flavors.me,Male,108.142.177.164
250,Goober,Ziebart,gziebart6x@google.cn,Male,67.113.70.35
251,Dix,Hamly,dhamly6y@etsy.com,Genderfluid,37.193.106.155
252,Ardisj,Bragg,abragg6z@washington.edu,Female,74.10.216.22
253,Waneta,Esplin,wesplin70@wsj.com,Agender,38.18.23.117
254,Sky,Stelljes,sstelljes71@reuters.com,Polygender,160.190.200.43
255,Kaye,Wheatley,kwheatley72@pcworld.com,Female,112.220.74.26
256,Latashia,Speares,lspeares73@adobe.com,Female,222.179.235.181
257,Llywellyn,Andrzej,landrzej74@reddit.com,Male,38.118.82.172
258,Thorny,Ballin,tballin75@europa.eu,Male,237.142.153.181
259,Archambault,Folbig,afolbig76@dailymotion.com,Male,156.227.253.223
260,Agosto,Campes,acampes77@reverbnation.com,Male,121.168.236.80
261,Grady,Lithcow,glithcow78@reuters.com,Male,160.220.198.186
262,Abra,Kidds,akidds79@webmd.com,Female,4.83.17.28
263,Xaviera,Broadhead,xbroadhead7a@japanpost.jp,Female,86.43.165.170
264,Luis,Mapstone,lmapstone7b@newsvine.com,Male,245.22.14.242
265,Bary,Deakins,bdeakins7c@yellowbook.com,Male,235.13.128.101
266,Dyann,Kuhnwald,dkuhnwald7d@usda.gov,Female,43.82.223.53
267,Siana,Parramore,sparramore7e@squidoo.com,Female,83.52.58.13
268,Siouxie,Plover,splover7f@washingtonpost.com,Female,237.231.187.165
269,Kippie,Sheffield,ksheffield7g@t-online.de,Male,107.150.48.148
270,Reeta,Alesbrook,ralesbrook7h@domainmarket.com,Female,163.186.142.171
271,April,Blewis,ablewis7i@nasa.gov,Female,97.141.54.209
272,Aguste,Lynde,alynde7j@cbc.ca,Male,139.24.6.189
273,Francyne,Gorick,fgorick7k@hc360.com,Genderfluid,233.95.165.211
274,Shae,Timmis,stimmis7l@usatoday.com,Male,102.48.245.1
275,Brenna,Silkstone,bsilkstone7m@redcross.org,Female,184.118.120.25
276,Nita,Overington,noverington7n@list-manage.com,Female,226.206.80.11
277,Dee dee,Kemet,dkemet7o@globo.com,Female,226.178.110.9
278,Raviv,Janiszewski,rjaniszewski7p@uiuc.edu,Male,146.216.65.107
279,Gaile,Bradman,gbradman7q@ftc.gov,Male,232.215.244.211
280,Leelah,Mourge,lmourge7r@jugem.jp,Genderqueer,191.84.247.164
281,Catherina,Weber,cweber7s@goodreads.com,Female,198.197.130.8
282,Kirbie,Tulip,ktulip7t@usatoday.com,Female,79.67.238.167
283,Archy,Ferrari,aferrari7u@gmpg.org,Male,211.105.192.168
284,Keith,MacKean,kmackean7v@npr.org,Male,6.203.113.214
285,Benji,Tolson,btolson7w@google.nl,Male,15.186.46.167
286,Murdoch,Dissman,mdissman7x@cnn.com,Male,49.110.13.221
287,Sven,Bridson,sbridson7y@stanford.edu,Male,193.49.25.205
288,Brianne,Spragge,bspragge7z@wufoo.com,Female,3.51.156.49
289,Kristofer,Hickenbottom,khickenbottom80@ow.ly,Male,206.67.169.45
290,Erroll,Maccari,emaccari81@springer.com,Male,123.22.149.211
291,Reggie,Streader,rstreader82@engadget.com,Male,137.40.1.31
292,Georgia,Nason,gnason83@exblog.jp,Female,44.243.226.204
293,Jasen,McGilbon,jmcgilbon84@flavors.me,Genderqueer,170.138.198.25
294,Aleece,Redholls,aredholls85@so-net.ne.jp,Female,98.197.114.23
295,Leo,Heinel,lheinel86@chicagotribune.com,Male,221.98.126.251
296,Cecilla,Maxsted,cmaxsted87@chronoengine.com,Female,11.70.243.201
297,Ricca,Robelet,rrobelet88@google.com.hk,Female,22.84.154.99
298,Sibilla,Seelbach,sseelbach89@squarespace.com,Female,224.86.9.183
299,Archibaldo,Fowley,afowley8a@about.me,Male,63.66.141.168
300,Shandra,Harbord,sharbord8b@jugem.jp,Female,73.205.194.144
301,Gian,Staker,gstaker8c@wix.com,Male,109.44.193.207
302,Thibaud,Merrell,tmerrell8d@pinterest.com,Male,1.170.202.242
303,Shirlee,Hayward,shayward8e@nbcnews.com,Genderfluid,196.63.58.198
304,Else,Iacofo,eiacofo8f@state.tx.us,Female,211.252.219.67
305,Bastian,Lamblot,blamblot8g@reference.com,Male,86.213.45.175
306,Alfi,Cocker,acocker8h@dyndns.org,Female,50.238.233.42
307,Joli,Matson,jmatson8i@boston.com,Female,60.206.33.2
308,Zorina,Evitt,zevitt8j@deliciousdays.com,Female,125.228.4.223
309,Chet,Clemon,cclemon8k@bigcartel.com,Male,210.231.253.74
310,Nappie,Purdom,npurdom8l@umn.edu,Male,16.194.50.106
311,Annnora,Seiffert,aseiffert8m@ustream.tv,Female,19.12.173.213
312,Tommy,Offner,toffner8n@rediff.com,Male,202.145.86.39
313,Diarmid,Leyrroyd,dleyrroyd8o@booking.com,Male,27.80.237.57
314,Dar,Radford,dradford8p@hugedomains.com,Male,71.132.244.99
315,Laurena,Getcliffe,lgetcliffe8q@huffingtonpost.com,Polygender,101.111.176.92
316,Silva,Cozzi,scozzi8r@etsy.com,Female,226.33.207.175
317,Burton,Cypler,bcypler8s@berkeley.edu,Male,45.246.214.67
318,Becky,Tozer,btozer8t@privacy.gov.au,Female,180.120.39.143
319,Mozes,Dehn,mdehn8u@aboutads.info,Male,233.237.158.100
320,Janith,Robbings,jrobbings8v@ovh.net,Female,88.173.151.47
321,Clerissa,Ableson,cableson8w@japanpost.jp,Female,95.73.33.153
322,Evonne,Wardington,ewardington8x@devhub.com,Female,203.148.13.79
323,Tobit,Frean,tfrean8y@goo.ne.jp,Male,35.189.15.63
324,Sky,Quelch,squelch8z@biblegateway.com,Male,174.75.183.133
325,Ash,Bedlington,abedlington90@unc.edu,Male,253.192.241.98
326,Amie,Borrett,aborrett91@yahoo.co.jp,Female,79.140.66.47
327,Trip,Han,than92@posterous.com,Male,16.131.38.102
328,Gauthier,Harrison,gharrison93@homestead.com,Male,84.38.138.119
329,Ethelbert,Breston,ebreston94@smh.com.au,Male,238.159.91.56
330,Bailie,Carlill,bcarlill95@yellowbook.com,Male,134.68.165.161
331,Nicky,Laurenz,nlaurenz96@wunderground.com,Male,21.38.186.213
332,Lilyan,Mathiot,lmathiot97@weather.com,Female,101.74.33.96
333,Dreddy,Petras,dpetras98@hatena.ne.jp,Female,120.12.24.130
334,Sandie,Osselton,sosselton99@facebook.com,Female,127.178.104.200
335,Belva,Thumnel,bthumnel9a@reddit.com,Female,189.246.209.69
336,Joyous,Olekhov,jolekhov9b@fema.gov,Female,202.117.46.251
337,Catriona,De Hooch,cdehooch9c@senate.gov,Female,4.222.34.215
338,Selina,Sarchwell,ssarchwell9d@multiply.com,Female,206.193.97.237
339,Rosabelle,Seabert,rseabert9e@dailymotion.com,Female,195.211.200.74
340,Konrad,Finlayson,kfinlayson9f@columbia.edu,Male,98.196.6.6
341,Gerardo,Purbrick,gpurbrick9g@google.co.uk,Male,90.221.165.175
342,Garrek,Armour,garmour9h@tinyurl.com,Male,182.235.28.107
343,Rani,Westwick,rwestwick9i@intel.com,Female,76.90.250.33
344,Jabez,Dooland,jdooland9j@narod.ru,Male,62.88.84.216
345,Robby,Spadeck,rspadeck9k@wordpress.org,Female,142.95.102.75
346,Leontyne,Wastell,lwastell9l@va.gov,Female,185.57.84.76
347,Derron,Hasloch,dhasloch9m@nymag.com,Male,20.150.111.58
348,Robinet,Folder,rfolder9n@tumblr.com,Male,129.80.251.162
349,Rodge,O'Cahill,rocahill9o@tuttocitta.it,Male,146.211.192.60
350,Opaline,Charlet,ocharlet9p@aol.com,Female,127.127.150.140
351,Tadio,Sergeaunt,tsergeaunt9q@facebook.com,Male,106.53.62.70
352,Jeannette,Paslow,jpaslow9r@wp.com,Female,152.122.167.127
353,Gus,Gait,ggait9s@ehow.com,Male,201.13.142.74
354,Adelind,Draycott,adraycott9t@ow.ly,Female,152.97.247.206
355,Stu,Raecroft,sraecroft9u@seesaa.net,Male,139.124.71.214
356,Rivi,Helliwell,rhelliwell9v@umn.edu,Female,51.69.239.82
357,Dell,Owlner,dowlner9w@ask.com,Male,245.50.227.182
358,Carmella,Antonat,cantonat9x@zdnet.com,Female,78.192.233.152
359,Diana,Semeradova,dsemeradova9y@51.la,Female,66.248.124.25
360,Bradley,Cavilla,bcavilla9z@indiatimes.com,Male,29.222.196.10
361,Stephanus,Nabbs,snabbsa0@cdbaby.com,Male,7.238.113.202
362,Bradan,Dmiterko,bdmiterkoa1@usatoday.com,Male,75.180.226.182
363,Giffard,Worvill,gworvilla2@cornell.edu,Male,142.84.191.91
364,Emmerich,Munkley,emunkleya3@umich.edu,Male,124.70.53.112
365,Lin,Spadelli,lspadellia4@altervista.org,Female,218.157.35.80
366,Benjie,O'Corhane,bocorhanea5@macromedia.com,Male,237.230.90.74
367,Wendeline,Youngman,wyoungmana6@arizona.edu,Female,5.116.72.122
368,Frederic,Hicken,fhickena7@lycos.com,Male,102.129.123.15
369,Arvie,Snelling,asnellinga8@businesswire.com,Male,46.151.68.109
370,Curry,Brisley,cbrisleya9@stumbleupon.com,Male,201.46.162.164
371,Erv,Saxton,esaxtonaa@noaa.gov,Male,86.139.231.35
372,Libbi,Burgane,lburganeab@fda.gov,Female,18.54.41.193
373,Klarika,Drissell,kdrissellac@ox.ac.uk,Female,36.223.68.198
374,Torrey,Klasen,tklasenad@moonfruit.com,Male,93.209.223.38
375,Corbin,Snepp,csneppae@columbia.edu,Male,224.238.6.214
376,Symon,Allebone,salleboneaf@feedburner.com,Male,248.22.30.139
377,Yurik,Breacher,ybreacherag@tinyurl.com,Bigender,184.74.222.134
378,Amerigo,Payle,apayleah@howstuffworks.com,Male,211.119.174.18
379,Rickie,Baldacco,rbaldaccoai@gmpg.org,Male,67.231.8.86
380,Nancy,Vandrill,nvandrillaj@oracle.com,Female,32.103.221.78
381,Bill,Fibbitts,bfibbittsak@constantcontact.com,Male,60.97.175.100
382,Lucias,Danilyak,ldanilyakal@shareasale.com,Male,27.14.242.108
383,Mollee,Botger,mbotgeram@phpbb.com,Female,248.82.121.191
384,Benetta,Dauncey,bdaunceyan@adobe.com,Female,80.23.68.40
385,Lutero,Gask,lgaskao@exblog.jp,Male,152.184.110.93
386,Sunny,Roskeilly,sroskeillyap@senate.gov,Male,191.238.125.236
387,Gayla,Ormshaw,gormshawaq@nsw.gov.au,Female,201.198.176.33
388,Arel,Orthmann,aorthmannar@symantec.com,Male,252.240.185.229
389,Angelita,Seely,aseelyas@weebly.com,Female,142.103.157.251
390,Barnard,Ferrero,bferreroat@quantcast.com,Male,104.39.193.88
391,Angelia,Duley,aduleyau@youku.com,Female,221.144.56.186
392,Bette,Stembridge,bstembridgeav@comsenz.com,Female,36.81.5.37
393,Carla,Hurring,churringaw@ibm.com,Female,248.17.158.146
394,Madalyn,Laughton,mlaughtonax@wisc.edu,Female,137.139.247.219
395,Gerri,Harpur,gharpuray@marriott.com,Male,64.1.164.176
396,Jewel,Shanklin,jshanklinaz@friendfeed.com,Female,82.62.165.65
397,Garreth,Legendre,glegendreb0@google.com,Male,31.90.191.248
398,Helenelizabeth,Gietz,hgietzb1@walmart.com,Female,87.37.193.125
399,Murvyn,Bartolomeo,mbartolomeob2@over-blog.com,Male,183.84.122.98
400,Adriane,Montez,amontezb3@usda.gov,Female,146.43.77.39
401,Kalila,Rignold,krignoldb4@mozilla.org,Female,239.35.105.98
402,Jazmin,Jakubovits,jjakubovitsb5@illinois.edu,Female,161.149.21.16
403,Avery,Phin,aphinb6@nature.com,Male,15.192.228.220
404,Krysta,Purdy,kpurdyb7@cdbaby.com,Female,142.159.60.226
405,Brigida,Millgate,bmillgateb8@soundcloud.com,Female,27.98.88.249
406,Amitie,Gratten,agrattenb9@rambler.ru,Bigender,121.96.111.147
407,Prinz,Extil,pextilba@nymag.com,Male,209.153.22.253
408,Barb,Stephenson,bstephensonbb@simplemachines.org,Female,2.15.206.149
409,Golda,Kopisch,gkopischbc@ning.com,Female,83.117.145.4
410,Nathanael,MacCague,nmaccaguebd@newyorker.com,Male,115.52.52.73
411,Elnar,Tipperton,etippertonbe@blogs.com,Male,226.139.42.77
412,Obadiah,Stephenson,ostephensonbf@mac.com,Male,160.40.183.244
413,Howie,Shelf,hshelfbg@cbslocal.com,Male,83.113.100.148
414,Corie,Markwelley,cmarkwelleybh@canalblog.com,Female,57.206.33.130
415,Dolph,Bryden,dbrydenbi@miitbeian.gov.cn,Male,190.235.205.101
416,Marcie,Lockery,mlockerybj@pen.io,Female,229.26.141.80
417,Genevieve,Tirkin,gtirkinbk@free.fr,Female,171.37.20.254
418,Lek,Bleacher,lbleacherbl@foxnews.com,Male,243.113.172.70
419,Noam,Volcker,nvolckerbm@engadget.com,Male,239.107.51.154
420,Jo ann,Linnitt,jlinnittbn@va.gov,Female,162.138.233.248
421,Bill,O'Coskerry,bocoskerrybo@multiply.com,Female,98.220.208.11
422,Aguistin,MacNeish,amacneishbp@usnews.com,Male,246.114.179.215
423,Rosie,MacCaghan,rmaccaghanbq@techcrunch.com,Female,98.42.109.52
424,Cami,Simoncello,csimoncellobr@paginegialle.it,Female,74.129.5.190
425,Rick,De Brett,rdebrettbs@paypal.com,Male,96.21.237.80
426,Sofia,Dickinson,sdickinsonbt@goo.gl,Polygender,150.200.150.244
427,Mavis,Riquet,mriquetbu@japanpost.jp,Genderqueer,114.146.152.111
428,Vitoria,Bellefonte,vbellefontebv@google.com,Female,249.220.156.79
429,Ives,Pettwood,ipettwoodbw@google.com,Male,107.104.12.27
430,Kati,Volet,kvoletbx@pinterest.com,Female,50.119.20.161
431,Edgardo,Tidcombe,etidcombeby@nasa.gov,Male,59.57.168.41
432,Darcie,Eginton,degintonbz@upenn.edu,Female,52.199.181.91
433,June,Thake,jthakec0@people.com.cn,Female,149.244.112.124
434,Hagan,Milmo,hmilmoc1@blog.com,Male,42.35.123.86
435,Langston,Iacovozzo,liacovozzoc2@qq.com,Male,232.181.108.141
436,Moises,McGraith,mmcgraithc3@webs.com,Male,65.87.3.81
437,Mozes,Brough,mbroughc4@stanford.edu,Male,207.69.249.150
438,Anabel,Hastin,ahastinc5@chronoengine.com,Female,84.186.182.32
439,Ramona,Waldron,rwaldronc6@simplemachines.org,Female,197.204.47.7
440,Avigdor,Poyzer,apoyzerc7@samsung.com,Male,86.116.222.157
441,Quinn,Blampied,qblampiedc8@list-manage.com,Male,4.153.50.9
442,Caryl,Claremont,cclaremontc9@telegraph.co.uk,Male,131.253.145.207
443,Marta,Pottage,mpottageca@bbb.org,Female,66.57.177.148
444,Crissie,Riches,crichescb@jigsy.com,Female,199.48.155.40
445,Sibyl,Orsman,sorsmancc@tinyurl.com,Male,200.17.15.45
446,Cherilyn,Shelliday,cshellidaycd@naver.com,Female,51.96.99.255
447,Lea,Spriddle,lspriddlece@bigcartel.com,Female,2.234.250.33
448,Emalia,Gergely,egergelycf@psu.edu,Female,157.161.151.127
449,Adria,Kinvig,akinvigcg@weather.com,Female,220.108.18.154
450,Jade,Swigger,jswiggerch@sohu.com,Female,110.167.49.254
451,Federica,Batey,fbateyci@mapquest.com,Female,126.196.171.236
452,Ashley,Baggs,abaggscj@youku.com,Male,97.221.231.108
453,Tania,Leghorn,tleghornck@biblegateway.com,Female,158.62.232.203
454,Iain,Slemming,islemmingcl@nasa.gov,Male,33.26.38.131
455,Pierce,Edwin,pedwincm@berkeley.edu,Male,16.41.78.154
456,Cati,Pedrol,cpedrolcn@ifeng.com,Female,26.191.200.55
457,Latashia,Caneo,lcaneoco@mozilla.org,Female,36.78.225.177
458,Renault,Mallows,rmallowscp@hp.com,Male,198.216.235.0
459,Adina,Diboll,adibollcq@merriam-webster.com,Agender,113.176.234.50
460,Blondelle,Pearch,bpearchcr@weibo.com,Female,107.149.197.252
461,Kimberlyn,Gladtbach,kgladtbachcs@dailymail.co.uk,Female,98.152.148.162
462,Kerrill,Diglin,kdiglinct@amazon.com,Female,246.83.124.218
463,Felice,Robertelli,frobertellicu@cbslocal.com,Agender,240.91.76.149
464,Galvin,Ottey,gotteycv@ycombinator.com,Male,130.86.62.42
465,Anatola,Kibbe,akibbecw@dell.com,Female,207.43.48.218
466,Stesha,Reichelt,sreicheltcx@geocities.jp,Genderqueer,237.203.47.44
467,Barry,Freke,bfrekecy@chron.com,Female,11.240.31.216
468,Biddy,Steer,bsteercz@netvibes.com,Female,68.223.81.10
469,Diane,Eberle,deberled0@i2i.jp,Female,175.74.217.255
470,Meridel,Shatliff,mshatliffd1@sphinn.com,Female,166.33.61.186
471,Gabriell,Angless,ganglessd2@taobao.com,Female,52.223.1.83
472,Cornela,Allchorne,callchorned3@noaa.gov,Female,147.72.208.76
473,Jarvis,Boulter,jboulterd4@abc.net.au,Male,33.141.220.177
474,Elsworth,Spandley,espandleyd5@nifty.com,Male,231.22.102.152
475,Ward,Le Pruvost,wlepruvostd6@ovh.net,Male,31.18.87.201
476,Pedro,Kilmary,pkilmaryd7@ning.com,Male,136.142.198.51
477,Sidney,McNamara,smcnamarad8@ask.com,Male,113.218.75.192
478,Waneta,Wrightam,wwrightamd9@cdc.gov,Female,32.132.161.37
479,Rolph,Goligly,rgoliglyda@exblog.jp,Male,203.193.138.35
480,Witty,Currey,wcurreydb@sakura.ne.jp,Male,189.2.129.62
481,Daveen,Raffles,drafflesdc@behance.net,Female,170.61.168.135
482,Eb,Cockell,ecockelldd@technorati.com,Male,99.14.227.215
483,Willyt,Scimonelli,wscimonellide@blogs.com,Female,181.1.218.29
484,Hermann,Pavel,hpaveldf@mayoclinic.com,Agender,28.87.146.109
485,Tilly,Ianne,tiannedg@cocolog-nifty.com,Female,164.60.126.80
486,Farris,Romaint,fromaintdh@hatena.ne.jp,Male,84.48.223.3
487,Warden,Jopling,wjoplingdi@yale.edu,Male,243.172.9.219
488,Ema,Slate,eslatedj@tripadvisor.com,Female,54.68.254.181
489,Morgan,Robuchon,mrobuchondk@uiuc.edu,Male,116.25.30.202
490,Kristal,O'Caherny,kocahernydl@princeton.edu,Female,27.75.23.146
491,Rayner,Hopfner,rhopfnerdm@canalblog.com,Male,9.146.5.198
492,Lilia,Blackham,lblackhamdn@example.com,Female,252.221.80.142
493,Nichole,Kimmince,nkimmincedo@blinklist.com,Female,176.149.247.24
494,Tadeo,Kleinplac,tkleinplacdp@weibo.com,Male,39.22.12.222
495,Christal,Rouchy,crouchydq@1688.com,Female,131.205.39.12
496,Caleb,Dumphries,cdumphriesdr@loc.gov,Male,16.195.64.86
497,Meredith,Pattingson,mpattingsonds@mozilla.org,Female,101.212.96.73
498,Tamarra,Skirlin,tskirlindt@infoseek.co.jp,Female,142.21.149.170
499,Rollie,Fearney,rfearneydu@weebly.com,Male,149.49.162.28
500,Son,Irlam,sirlamdv@cloudflare.com,Male,139.64.116.106
501,My,Chipps,mchippsdw@discovery.com,Male,210.226.36.14
502,Jo-ann,Pashbee,jpashbeedx@patch.com,Female,63.219.240.248
503,Davon,Coopland,dcooplanddy@google.de,Male,11.123.59.126
504,Madelin,Tunstall,mtunstalldz@cisco.com,Female,11.152.93.195
505,Dew,Josebury,djoseburye0@constantcontact.com,Male,54.111.85.225
506,Mandie,Wimmer,mwimmere1@cafepress.com,Female,216.80.55.132
507,Constantine,Malkin,cmalkine2@gravatar.com,Female,183.94.81.107
508,Arnuad,Dufer,adufere3@adobe.com,Male,216.224.35.71
509,Lyn,Hutchason,lhutchasone4@artisteer.com,Male,194.49.25.8
510,Sansone,Bentz,sbentze5@devhub.com,Male,222.97.107.198
511,Wallis,Allenson,wallensone6@berkeley.edu,Male,77.121.70.34
512,Drud,Venart,dvenarte7@msu.edu,Male,143.36.50.237
513,Roxanna,Baurerich,rbaureriche8@google.com.hk,Female,92.82.237.213
514,Renaud,Martijn,rmartijne9@ox.ac.uk,Male,59.163.48.200
515,Shannen,Copcutt,scopcuttea@bloglovin.com,Female,105.219.168.249
516,Michaela,Greatbach,mgreatbacheb@sciencedaily.com,Female,27.195.20.154
517,Barbabas,Balderson,bbaldersonec@e-recht24.de,Male,177.32.77.144
518,Olive,Mougin,omougined@vkontakte.ru,Female,177.104.18.240
519,Darill,Belchamber,dbelchamberee@meetup.com,Male,4.119.15.123
520,Sarine,Keld,skeldef@cnet.com,Female,122.253.57.132
521,Lorette,O'Sheeryne,losheeryneeg@ycombinator.com,Female,152.69.147.229
522,Valery,Snelson,vsnelsoneh@nhs.uk,Female,244.168.211.156
523,Darnall,Ekell,dekellei@umich.edu,Male,204.201.216.136
524,Michell,Bourrel,mbourrelej@oaic.gov.au,Female,61.90.120.22
525,Henry,Petofi,hpetofiek@sohu.com,Male,221.35.175.215
526,Ainsley,Galey,agaleyel@fotki.com,Female,50.129.190.194
527,Vania,Mallison,vmallisonem@cafepress.com,Female,91.161.238.28
528,Kathye,Marwick,kmarwicken@hud.gov,Female,42.184.175.19
529,Byrom,McEvoy,bmcevoyeo@lulu.com,Male,175.220.243.102
530,Wendell,Forward,wforwardep@reuters.com,Male,188.154.183.36
531,Cletis,Coldbathe,ccoldbatheeq@vkontakte.ru,Male,23.219.70.85
532,Jo,Pietrowski,jpietrowskier@fastcompany.com,Female,90.193.247.253
533,Mareah,Mushett,mmushettes@cbc.ca,Female,90.222.69.128
534,Chad,Richardt,crichardtet@foxnews.com,Male,65.142.235.202
535,Lockwood,Tallent,ltallenteu@amazonaws.com,Male,176.201.148.109
536,Cathyleen,Custed,ccustedev@de.vu,Female,15.132.153.54
537,Marcelia,Featherstonhaugh,mfeatherstonhaughew@webmd.com,Polygender,108.204.1.77
538,Sandy,Congreve,scongreveex@github.com,Female,82.223.65.39
539,Kaine,McIlmorie,kmcilmorieey@netscape.com,Male,103.75.146.19
540,Peter,Northridge,pnorthridgeez@virginia.edu,Non-binary,95.133.82.99
541,Anna-maria,Vasyukov,avasyukovf0@bandcamp.com,Female,230.254.86.16
542,Ralf,Rothman,rrothmanf1@si.edu,Male,105.128.38.28
543,Bat,Biddell,bbiddellf2@slate.com,Male,57.7.72.186
544,Byran,Szymanzyk,bszymanzykf3@ocn.ne.jp,Male,84.147.18.224
545,Ashleigh,Sanson,asansonf4@japanpost.jp,Non-binary,215.182.79.195
546,Godart,Sidle,gsidlef5@bandcamp.com,Male,247.253.125.84
547,Bradley,Nias,bniasf6@uiuc.edu,Male,196.250.90.90
548,Jamill,Masdon,jmasdonf7@disqus.com,Male,72.215.26.225
549,Kale,Spittle,kspittlef8@ustream.tv,Male,209.91.190.118
550,Mariquilla,Mahony,mmahonyf9@cocolog-nifty.com,Female,169.241.192.165
551,Jimmie,Gillum,jgillumfa@icq.com,Male,233.121.197.246
552,Heather,Davidesco,hdavidescofb@salon.com,Female,34.152.152.79
553,Hildegaard,Bradock,hbradockfc@nsw.gov.au,Female,190.168.16.56
554,Bevon,Pate,bpatefd@youtube.com,Genderqueer,44.86.129.154
555,Joelly,Giovanizio,jgiovaniziofe@elegantthemes.com,Female,104.192.203.229
556,Maurizio,Brunton,mbruntonff@miibeian.gov.cn,Male,78.245.211.228
557,Brynne,Ovens,bovensfg@dagondesign.com,Genderfluid,116.24.127.155
558,Xavier,Garfirth,xgarfirthfh@dailymotion.com,Male,254.218.238.240
559,Perla,Merrigan,pmerriganfi@forbes.com,Female,32.189.199.101
560,Freeland,Yeeles,fyeelesfj@huffingtonpost.com,Male,195.67.55.238
561,Lesley,De Paepe,ldepaepefk@netscape.com,Female,155.162.57.190
562,Web,Kissell,wkissellfl@techcrunch.com,Male,125.16.125.228
563,Stanford,Flemming,sflemmingfm@hatena.ne.jp,Male,21.41.35.140
564,Janene,Fittes,jfittesfn@gov.uk,Female,244.55.18.135
565,Arluene,Veness,avenessfo@slashdot.org,Female,44.107.169.191
566,Arvin,Peniman,apenimanfp@blogger.com,Male,218.127.36.166
567,Adair,Ing,aingfq@narod.ru,Male,254.123.139.89
568,Blythe,Kenson,bkensonfr@fotki.com,Female,150.129.63.157
569,Shaughn,Hackwell,shackwellfs@tuttocitta.it,Male,124.104.30.19
570,Allin,Origin,aoriginft@wunderground.com,Male,44.132.23.229
571,Alistair,Frankcomb,afrankcombfu@yale.edu,Male,207.126.187.140
572,Jourdain,Alvarez,jalvarezfv@pcworld.com,Male,229.57.93.141
573,Windy,Janous,wjanousfw@jalbum.net,Female,180.253.153.88
574,Selma,Prisk,spriskfx@samsung.com,Female,14.248.127.253
575,Bjorn,Rawstorne,brawstornefy@barnesandnoble.com,Male,215.93.162.105
576,Jeffry,Kohring,jkohringfz@who.int,Male,182.242.19.44
577,Roobbie,Donner,rdonnerg0@edublogs.org,Non-binary,2.21.206.128
578,Kahlil,Bennell,kbennellg1@mlb.com,Male,183.179.46.48
579,Karla,Eisikowitz,keisikowitzg2@bandcamp.com,Bigender,70.238.132.46
580,Natal,Lenz,nlenzg3@wsj.com,Male,190.43.87.5
581,Dyan,Rishman,drishmang4@sciencedaily.com,Female,210.45.227.207
582,Reta,Curphey,rcurpheyg5@timesonline.co.uk,Female,210.218.124.65
583,Devy,Stuckley,dstuckleyg6@yellowpages.com,Male,89.68.210.213
584,Skell,Bradbeer,sbradbeerg7@columbia.edu,Male,208.179.244.72
585,Arny,Deehan,adeehang8@unicef.org,Male,125.126.201.197
586,Jaimie,Antyshev,jantyshevg9@networkadvertising.org,Male,235.235.159.146
587,Jesselyn,Jirousek,jjirousekga@merriam-webster.com,Female,63.107.104.247
588,Rossy,Todhunter,rtodhuntergb@jalbum.net,Male,210.199.87.206
589,Luisa,Kohring,lkohringgc@myspace.com,Female,26.142.220.43
590,Padraig,Brokenshaw,pbrokenshawgd@hp.com,Agender,172.32.223.31
591,Martguerita,Lomb,mlombge@cargocollective.com,Female,12.33.95.193
592,Rachele,Jaquin,rjaquingf@odnoklassniki.ru,Female,45.146.89.5
593,Barbabas,Clever,bclevergg@goo.gl,Agender,216.67.134.77
594,Diahann,Sandilands,dsandilandsgh@dmoz.org,Female,156.186.35.91
595,Reinaldos,Hyndley,rhyndleygi@example.com,Male,189.213.77.255
596,Lauralee,Diben,ldibengj@tinyurl.com,Female,252.165.251.2
597,Sebastiano,Nineham,sninehamgk@cornell.edu,Male,244.201.88.40
598,Homere,Offell,hoffellgl@woothemes.com,Bigender,68.155.72.20
599,Taylor,McGurk,tmcgurkgm@hc360.com,Male,125.13.201.188
600,Ashbey,Bernardt,abernardtgn@abc.net.au,Male,223.50.50.32
601,Bird,Lambarton,blambartongo@nih.gov,Female,247.221.249.28
602,Edsel,Theml,ethemlgp@joomla.org,Male,85.3.157.56
603,Bary,Konmann,bkonmanngq@sciencedirect.com,Genderfluid,45.20.63.8
604,Orelia,De Roos,oderoosgr@fema.gov,Female,159.211.206.76
605,Natal,Boner,nbonergs@time.com,Male,129.67.61.163
606,Randal,Kacheler,rkachelergt@unblog.fr,Polygender,19.84.174.99
607,Virgil,Drife,vdrifegu@bandcamp.com,Male,58.67.109.161
608,Tore,Figures,tfiguresgv@4shared.com,Male,134.47.168.216
609,Syman,Fronek,sfronekgw@phpbb.com,Male,213.49.213.50
610,Willette,Berthod,wberthodgx@yelp.com,Female,77.232.174.170
611,Rosella,Blundan,rblundangy@google.pl,Female,89.76.189.4
612,Mamie,Tipton,mtiptongz@google.de,Female,154.188.204.220
613,Melinda,Mushrow,mmushrowh0@networkadvertising.org,Female,115.144.134.98
614,Margarita,Ropking,mropkingh1@reference.com,Female,75.177.193.85
615,Emile,Gooderidge,egooderidgeh2@smh.com.au,Male,48.49.228.56
616,Jard,Burnhams,jburnhamsh3@apple.com,Male,154.248.74.182
617,Manda,Ogbourne,mogbourneh4@aboutads.info,Female,3.178.79.102
618,Elden,Kaines,ekainesh5@ucoz.ru,Male,83.131.124.217
619,Conroy,Dirkin,cdirkinh6@craigslist.org,Male,104.88.203.244
620,Debor,Bostock,dbostockh7@seesaa.net,Female,157.25.189.139
621,Denney,Vales,dvalesh8@yolasite.com,Male,118.90.14.135
622,Bianca,Hallibone,bhalliboneh9@goo.ne.jp,Genderfluid,131.25.127.66
623,Cloe,Sergent,csergentha@github.com,Female,107.121.120.11
624,Lesley,Minto,lmintohb@smh.com.au,Male,205.217.205.220
625,Adela,MacNockater,amacnockaterhc@feedburner.com,Female,156.182.16.24
626,Gaven,Valois,gvaloishd@mozilla.org,Male,44.241.7.184
627,Traci,Borkett,tborketthe@fastcompany.com,Female,42.245.30.157
628,Flossy,Kerrich,fkerrichhf@nifty.com,Female,157.21.94.90
629,Ferrel,Fraschini,ffraschinihg@tumblr.com,Male,177.117.112.150
630,Vitoria,Dries,vdrieshh@comsenz.com,Female,79.160.39.30
631,Shawn,MacHoste,smachostehi@ask.com,Male,247.69.66.248
632,Boonie,Allsupp,ballsupphj@unblog.fr,Male,135.240.115.9
633,Fredi,Gorner,fgornerhk@pbs.org,Female,84.216.247.25
634,Cammie,Earngy,cearngyhl@washingtonpost.com,Female,194.149.5.166
635,Carita,Anyene,canyenehm@nymag.com,Female,170.232.190.205
636,Cirilo,Barette,cbarettehn@163.com,Polygender,181.144.92.233
637,Roanne,Beall,rbeallho@123-reg.co.uk,Female,252.172.38.56
638,Saloma,Soutar,ssoutarhp@live.com,Female,191.164.145.204
639,Sherwin,Le land,slelandhq@blogs.com,Male,174.28.235.198
640,Milena,Papen,mpapenhr@mayoclinic.com,Female,82.253.219.116
641,Lindsay,Dundendale,ldundendalehs@w3.org,Male,31.130.121.129
642,Willem,Quirke,wquirkeht@over-blog.com,Male,90.33.72.24
643,Bastian,Bollard,bbollardhu@vk.com,Male,66.85.60.125
644,Roxanne,Prewer,rprewerhv@independent.co.uk,Genderqueer,150.24.139.252
645,Kennett,Cavolini,kcavolinihw@tinyurl.com,Male,240.162.184.28
646,Paulette,Eddow,peddowhx@nyu.edu,Female,157.77.199.58
647,Iseabal,Chazelas,ichazelashy@netscape.com,Female,204.92.204.3
648,Hollie,Papez,hpapezhz@marriott.com,Female,14.213.207.1
649,Paco,Laister,plaisteri0@dailymotion.com,Male,67.134.76.71
650,Robyn,Ivanchov,rivanchovi1@earthlink.net,Female,166.123.107.28
651,Farand,Frodsham,ffrodshami2@sogou.com,Female,120.34.8.79
652,Hugh,Desquesnes,hdesquesnesi3@kickstarter.com,Male,117.197.228.155
653,Irina,Cope,icopei4@google.es,Female,16.125.75.12
654,Gena,Aronoff,garonoffi5@is.gd,Female,210.99.211.255
655,Willow,Sherbrook,wsherbrooki6@hexun.com,Female,184.84.36.62
656,Juliet,Brownsill,jbrownsilli7@godaddy.com,Female,112.64.162.197
657,Madeline,Birds,mbirdsi8@google.pl,Female,113.30.31.90
658,Delainey,Jahndel,djahndeli9@japanpost.jp,Male,81.51.79.20
659,Sabine,Kleen,skleenia@paypal.com,Female,89.243.233.8
660,Gaultiero,Cappineer,gcappineerib@i2i.jp,Male,254.128.170.138
661,Jasen,Robottham,jrobotthamic@reference.com,Male,142.204.248.141
662,Gaile,Benoi,gbenoiid@vistaprint.com,Male,147.238.232.54
663,Wynny,Smoote,wsmooteie@wired.com,Genderfluid,110.8.253.4
664,Aurie,Loiterton,aloitertonif@utexas.edu,Female,185.75.175.84
665,Luz,Pellett,lpellettig@narod.ru,Female,249.82.2.214
666,Iorgo,Odegaard,iodegaardih@moonfruit.com,Male,119.108.111.86
667,Edith,McNysche,emcnyscheii@craigslist.org,Female,82.200.223.34
668,Tatiania,Blanko,tblankoij@noaa.gov,Female,168.153.2.122
669,Padget,O'Keenan,pokeenanik@ucsd.edu,Male,30.65.223.156
670,Parnell,Leverton,plevertonil@typepad.com,Male,70.94.129.99
671,Amie,Liddall,aliddallim@mapy.cz,Genderfluid,169.201.62.207
672,Tabbatha,Cloutt,tclouttin@redcross.org,Female,230.250.37.88
673,Auguste,Yele,ayeleio@howstuffworks.com,Female,170.100.245.236
674,Sharia,Hambric,shambricip@cbsnews.com,Female,8.118.26.230
675,Orlan,Ironside,oironsideiq@friendfeed.com,Male,17.46.206.173
676,Lana,Waistall,lwaistallir@xinhuanet.com,Female,162.196.48.135
677,Ronda,Collymore,rcollymoreis@de.vu,Female,163.18.34.158
678,Lynnet,Janek,ljanekit@paginegialle.it,Female,16.71.237.45
679,Sidonnie,Thom,sthomiu@behance.net,Female,150.48.27.36
680,Gasper,Chelley,gchelleyiv@imdb.com,Male,7.254.180.218
681,Harold,Perrigo,hperrigoiw@springer.com,Male,2.129.109.57
682,Rik,Heinig,rheinigix@posterous.com,Male,150.250.182.51
683,Conan,Robiou,crobiouiy@surveymonkey.com,Genderfluid,39.227.222.76
684,Reade,Byforth,rbyforthiz@webmd.com,Polygender,16.91.12.230
685,Kerwin,Haill,khaillj0@thetimes.co.uk,Male,210.235.61.153
686,Conny,Ivanets,civanetsj1@naver.com,Female,168.55.239.164
687,Flor,Pearch,fpearchj2@fotki.com,Female,89.167.162.38
688,Jozef,Grundwater,jgrundwaterj3@sciencedaily.com,Male,211.252.159.56
689,Decca,Carmichael,dcarmichaelj4@seesaa.net,Male,9.117.214.105
690,Felisha,Leynham,fleynhamj5@cpanel.net,Female,7.208.146.94
691,Dall,Ardron,dardronj6@hubpages.com,Male,95.167.21.204
692,Stuart,Handforth,shandforthj7@creativecommons.org,Male,75.113.113.203
693,Janeta,Loughead,jlougheadj8@spiegel.de,Female,237.14.194.241
694,Julia,Axton,jaxtonj9@hao123.com,Female,202.111.195.143
695,Flemming,Whaymand,fwhaymandja@who.int,Male,120.59.250.227
696,Anallese,Pace,apacejb@behance.net,Non-binary,34.99.164.203
697,Gianna,Adamo,gadamojc@blinklist.com,Female,129.22.2.207
698,Adolphus,Warr,awarrjd@wired.com,Male,169.2.21.109
699,Goddard,Henmarsh,ghenmarshje@github.io,Male,31.230.91.140
700,Starlin,Franzetti,sfranzettijf@nps.gov,Female,50.144.36.129
701,Doralynne,Eskell,deskelljg@cbslocal.com,Female,196.43.137.117
702,Ambrosi,Mauchlen,amauchlenjh@aol.com,Male,143.241.98.247
703,Netty,Hanrahan,nhanrahanji@marketwatch.com,Female,2.140.77.211
704,Joaquin,Shuter,jshuterjj@vimeo.com,Polygender,217.111.107.23
705,Candice,Sirmond,csirmondjk@about.com,Female,46.27.141.60
706,Pearla,Shildrake,pshildrakejl@statcounter.com,Female,172.200.72.230
707,Keene,Barensky,kbarenskyjm@wufoo.com,Male,198.189.120.58
708,Terri-jo,Stivani,tstivanijn@hao123.com,Female,98.151.174.55
709,Kim,Rambaut,krambautjo@slate.com,Male,88.124.158.148
710,Andy,Deveril,adeveriljp@devhub.com,Female,190.104.240.77
711,Lotte,Diament,ldiamentjq@list-manage.com,Female,147.99.101.44
712,Clementia,Garrison,cgarrisonjr@webeden.co.uk,Female,94.110.5.63
713,Colan,Mablestone,cmablestonejs@yellowpages.com,Male,105.13.138.248
714,Madelle,Cream,mcreamjt@netvibes.com,Female,190.151.222.47
715,Rheba,Yakovich,ryakovichju@reference.com,Female,44.186.179.114
716,Che,Rust,crustjv@senate.gov,Male,58.99.246.121
717,Bruis,Rodrig,brodrigjw@yellowpages.com,Male,198.239.50.137
718,Benedict,Silson,bsilsonjx@baidu.com,Male,250.173.181.244
719,Dory,Purle,dpurlejy@time.com,Female,113.76.29.162
720,Hendrick,Leadstone,hleadstonejz@google.com,Male,169.42.177.13
721,Anett,O'Coskerry,aocoskerryk0@princeton.edu,Female,90.253.202.131
722,Augustin,Rysom,arysomk1@facebook.com,Male,85.255.131.223
723,Liva,Guesford,lguesfordk2@slate.com,Female,67.232.29.39
724,Rocky,Ferrar,rferrark3@meetup.com,Male,134.23.91.243
725,Zachariah,Brittian,zbrittiank4@vistaprint.com,Male,209.6.164.146
726,Gallard,Bladge,gbladgek5@dropbox.com,Male,40.112.148.110
727,Carey,Bulteel,cbulteelk6@umn.edu,Male,248.13.164.177
728,Berti,Whiskin,bwhiskink7@tiny.cc,Female,174.59.65.9
729,Michel,Kem,mkemk8@businessweek.com,Genderfluid,106.236.244.114
730,Becki,Kearey,bkeareyk9@geocities.com,Female,42.6.86.84
731,Carlie,Landsbury,clandsburyka@live.com,Male,53.86.34.116
732,Gilburt,Mary,gmarykb@guardian.co.uk,Male,142.246.101.10
733,Lyndsie,Tithacott,ltithacottkc@toplist.cz,Female,145.244.233.181
734,Wit,Pellatt,wpellattkd@vkontakte.ru,Male,161.46.62.167
735,Merlina,Hunnicot,mhunnicotke@samsung.com,Female,154.76.85.171
736,Ingar,Bowdon,ibowdonkf@lulu.com,Male,253.84.65.65
737,Margaret,Loker,mlokerkg@economist.com,Polygender,135.18.120.88
738,Conny,Esslemont,cesslemontkh@sogou.com,Male,191.8.240.8
739,Francesco,Lamble,flambleki@list-manage.com,Male,3.217.8.205
740,Earlie,Elby,eelbykj@va.gov,Male,2.208.93.220
741,Simeon,Roff,sroffkk@exblog.jp,Genderqueer,79.15.178.218
742,Thurston,Kornalik,tkornalikkl@cyberchimps.com,Male,234.74.143.31
743,Agustin,Westwood,awestwoodkm@washington.edu,Male,214.181.19.155
744,Marc,Mallam,mmallamkn@unicef.org,Male,254.62.7.225
745,Austen,Jonsson,ajonssonko@angelfire.com,Male,166.50.245.253
746,Lynda,Wildblood,lwildbloodkp@home.pl,Agender,85.192.139.136
747,Harley,Veracruysse,hveracruyssekq@i2i.jp,Male,106.56.38.52
748,Joanie,Kacheller,jkachellerkr@4shared.com,Female,58.19.84.132
749,Valene,Jeannon,vjeannonks@nih.gov,Female,203.164.14.250
750,Daffy,Ponsford,dponsfordkt@spiegel.de,Female,132.76.192.176
751,Warner,Fantone,wfantoneku@twitpic.com,Male,150.49.106.186
752,Ronalda,Brookes,rbrookeskv@technorati.com,Agender,44.220.130.229
753,Brittani,Huyghe,bhuyghekw@jiathis.com,Female,93.200.163.105
754,Bernette,Sueter,bsueterkx@dailymotion.com,Agender,239.167.13.78
755,Darryl,Blindmann,dblindmannky@e-recht24.de,Male,75.124.28.194
756,Adolphe,Kisar,akisarkz@flavors.me,Male,58.241.171.116
757,Tiffanie,Van der Brugge,tvanderbruggel0@upenn.edu,Female,33.107.123.46
758,Meade,Reicharz,mreicharzl1@webs.com,Male,238.25.176.74
759,Sigrid,Izkovici,sizkovicil2@wufoo.com,Female,89.102.66.113
760,Datha,Plumley,dplumleyl3@usgs.gov,Polygender,10.116.88.99
761,Hurlee,Brellin,hbrellinl4@addtoany.com,Male,210.119.183.243
762,Silvan,Rollo,srollol5@tmall.com,Male,157.36.110.17
763,Genovera,Breckell,gbreckelll6@feedburner.com,Female,91.167.194.33
764,Sheri,Garry,sgarryl7@dropbox.com,Female,37.213.154.56
765,Lucila,Portwaine,lportwainel8@apple.com,Female,162.188.149.207
766,Brigid,Snape,bsnapel9@biblegateway.com,Female,160.9.159.98
767,Dulcia,Humber,dhumberla@uiuc.edu,Female,89.107.17.250
768,Wallas,Weins,wweinslb@deliciousdays.com,Male,197.251.99.163
769,Pincas,Yeardley,pyeardleylc@reference.com,Male,22.195.172.153
770,Eimile,MacAlpine,emacalpineld@woothemes.com,Female,251.167.251.66
771,Charita,Bough,cboughle@quantcast.com,Female,28.48.91.96
772,Xenia,Winny,xwinnylf@wiley.com,Female,25.51.245.61
773,Pattie,Liddle,pliddlelg@java.com,Bigender,37.67.194.115
774,Fidelia,McNeachtain,fmcneachtainlh@paypal.com,Female,94.146.163.116
775,Myrtice,Robertis,mrobertisli@google.com.au,Female,126.64.125.78
776,Amery,Codeman,acodemanlj@biglobe.ne.jp,Male,118.213.18.167
777,Oliy,Willerson,owillersonlk@baidu.com,Agender,240.211.86.121
778,Wilfrid,Quarrell,wquarrellll@a8.net,Male,33.43.123.101
779,Jule,Norvel,jnorvellm@sina.com.cn,Male,245.181.79.105
780,Sigfrid,Treasaden,streasadenln@instagram.com,Male,183.79.23.207
781,Brandais,Pharo,bpharolo@goodreads.com,Female,76.228.108.224
782,Kari,Crudgington,kcrudgingtonlp@flickr.com,Female,34.122.83.87
783,Katinka,Drakeley,kdrakeleylq@businessweek.com,Female,106.64.9.66
784,Margie,Kyne,mkynelr@google.pl,Female,162.192.64.210
785,Bertie,Overthrow,boverthrowls@ning.com,Female,104.185.181.242
786,Baudoin,De Ruel,bderuellt@foxnews.com,Male,186.0.34.210
787,Garwin,Rosenschein,grosenscheinlu@quantcast.com,Agender,242.230.123.103
788,Gregor,Scrivin,gscrivinlv@pinterest.com,Male,84.44.87.215
789,Kipp,Fitchen,kfitchenlw@wired.com,Female,91.148.109.141
790,Esma,Hebron,ehebronlx@unesco.org,Genderfluid,164.27.89.171
791,Hanan,Seefus,hseefusly@github.io,Male,228.240.49.143
792,Mata,Linskill,mlinskilllz@jigsy.com,Male,229.180.141.74
793,Garrek,Skyrme,gskyrmem0@netlog.com,Male,29.40.112.44
794,Leanora,Stockford,lstockfordm1@prlog.org,Genderfluid,93.61.102.233
795,Artie,Trinder,atrinderm2@tinypic.com,Male,254.123.183.41
796,Erminia,Ecob,eecobm3@slashdot.org,Female,28.7.251.57
797,Mame,Wildbore,mwildborem4@a8.net,Female,224.21.30.184
798,Laurella,Traylen,ltraylenm5@mlb.com,Female,29.105.107.220
799,Gardner,Grouen,ggrouenm6@4shared.com,Male,29.21.154.77
800,Norry,Hammerson,nhammersonm7@engadget.com,Female,20.11.250.140
801,Culver,Hawking,chawkingm8@surveymonkey.com,Male,65.42.108.228
802,Ferdinanda,Vayne,fvaynem9@spotify.com,Female,189.203.121.31
803,Hugo,Jones,hjonesma@si.edu,Male,58.1.195.13
804,Norry,Wegenen,nwegenenmb@gmpg.org,Male,65.254.193.201
805,Kali,Inott,kinottmc@purevolume.com,Female,244.25.248.131
806,Eydie,Goracci,egoraccimd@ebay.com,Genderfluid,225.152.238.227
807,Ollie,Itzhayek,oitzhayekme@sina.com.cn,Male,242.174.153.166
808,Cicily,Bartkowiak,cbartkowiakmf@mlb.com,Female,176.141.24.161
809,Niel,Diamant,ndiamantmg@huffingtonpost.com,Male,102.13.155.134
810,Tiebout,Wenn,twennmh@archive.org,Male,135.110.129.128
811,Deloris,Merriday,dmerridaymi@thetimes.co.uk,Female,90.125.123.7
812,Georgie,Blesli,gbleslimj@slideshare.net,Male,182.118.12.128
813,Benoit,Hay,bhaymk@photobucket.com,Male,1.100.198.114
814,Galina,Dummigan,gdummiganml@cpanel.net,Female,153.218.104.96
815,Candra,Norewood,cnorewoodmm@edublogs.org,Female,154.178.69.197
816,Jedediah,Luggar,jluggarmn@devhub.com,Male,32.36.85.58
817,Ewell,Buntin,ebuntinmo@macromedia.com,Agender,248.142.120.63
818,Benjamin,Simkovich,bsimkovichmp@dyndns.org,Male,29.72.103.110
819,Shea,Botwright,sbotwrightmq@storify.com,Female,132.246.62.75
820,Ichabod,Priddle,ipriddlemr@auda.org.au,Male,196.121.15.109
821,Laurence,Kimblin,lkimblinms@uiuc.edu,Male,226.160.42.172
822,Thorpe,Garci,tgarcimt@aol.com,Male,108.55.116.79
823,Trueman,Bento,tbentomu@discuz.net,Male,26.62.44.132
824,Kean,Perazzo,kperazzomv@cafepress.com,Male,244.247.142.192
825,Clay,Carryer,ccarryermw@arizona.edu,Male,91.118.61.83
826,Gerda,Waddoups,gwaddoupsmx@mapy.cz,Female,237.60.33.108
827,Bonnie,Hutchinson,bhutchinsonmy@fastcompany.com,Polygender,60.252.83.188
828,Carmella,Hairs,chairsmz@lulu.com,Female,253.195.228.86
829,Waite,Matcham,wmatchamn0@blogger.com,Male,63.124.249.97
830,Tabb,Blackledge,tblackledgen1@histats.com,Male,254.49.255.89
831,Liesa,Stenners,lstennersn2@aboutads.info,Female,186.135.193.130
832,Selma,Haryngton,sharyngtonn3@hubpages.com,Female,236.234.128.28
833,Gradeigh,Ferrige,gferrigen4@ebay.com,Male,143.100.227.98
834,Dotty,Crosseland,dcrosselandn5@wufoo.com,Female,119.213.134.190
835,Janaye,O'Gorman,jogormann6@tiny.cc,Female,60.143.240.200
836,Randie,Garland,rgarlandn7@smh.com.au,Female,124.76.96.71
837,Estrellita,Wasmer,ewasmern8@telegraph.co.uk,Female,79.43.120.21
838,Stirling,Chilles,schillesn9@hostgator.com,Male,196.88.101.100
839,Emmaline,Ferby,eferbyna@about.me,Female,159.55.31.59
840,Ian,Valentine,ivalentinenb@eepurl.com,Male,59.178.3.88
841,Vannie,Sexti,vsextinc@house.gov,Female,73.62.85.173
842,Ellwood,Hanselmann,ehanselmannnd@elegantthemes.com,Male,187.230.163.77
843,Janene,Molineaux,jmolineauxne@census.gov,Female,177.179.10.221
844,Alaster,Marchbank,amarchbanknf@de.vu,Male,46.90.66.59
845,Whitaker,Rarity,wrarityng@chronoengine.com,Male,67.236.95.158
846,Frank,Eaves,feavesnh@opensource.org,Male,103.227.55.68
847,Ewan,Erwin,eerwinni@amazon.com,Male,16.97.186.134
848,Averell,Scare,ascarenj@archive.org,Male,183.160.218.16
849,Jori,Cristofanini,jcristofaninink@icq.com,Female,161.143.59.129
850,Simeon,Smerdon,ssmerdonnl@mediafire.com,Male,145.218.115.194
851,Clarisse,Alves,calvesnm@usatoday.com,Female,25.84.81.135
852,Barnie,Townsley,btownsleynn@skyrock.com,Male,199.194.135.179
853,Aurelie,Sowley,asowleyno@umn.edu,Female,16.132.149.149
854,Filip,Robker,frobkernp@home.pl,Male,10.145.30.107
855,Morton,Meffin,mmeffinnq@mapy.cz,Male,135.44.204.188
856,Mireielle,Hannaford,mhannafordnr@weebly.com,Female,153.218.209.56
857,Torr,Magister,tmagisterns@abc.net.au,Male,61.50.174.39
858,Cleo,Brechin,cbrechinnt@yelp.com,Female,221.135.1.212
859,Roseanna,Manvelle,rmanvellenu@hc360.com,Female,25.128.71.228
860,Derwin,Huggill,dhuggillnv@xinhuanet.com,Male,16.235.23.53
861,Michal,Emerton,memertonnw@google.nl,Male,5.73.204.2
862,Fallon,Anstis,fanstisnx@gmpg.org,Female,128.211.90.35
863,Pris,Pecht,ppechtny@digg.com,Female,243.171.16.192
864,Catherina,MacDaid,cmacdaidnz@slate.com,Female,88.32.215.221
865,Jasmine,Hillan,jhillano0@livejournal.com,Female,159.217.117.80
866,Emerson,Medd,emeddo1@cnbc.com,Male,121.5.16.19
867,Kendra,Pettman,kpettmano2@time.com,Female,168.61.91.238
868,Estell,Camelli,ecamellio3@google.com.au,Genderqueer,83.172.88.119
869,Gerhardine,Chatelet,gchateleto4@techcrunch.com,Female,191.226.7.58
870,Mamie,Surcomb,msurcombo5@slate.com,Female,139.166.15.138
871,Gonzalo,Lammie,glammieo6@acquirethisname.com,Male,158.135.92.245
872,Steven,Philippard,sphilippardo7@wix.com,Male,176.74.95.232
873,Cosette,Ganny,cgannyo8@g.co,Female,146.175.210.77
874,Tracy,Warricker,twarrickero9@prlog.org,Female,238.106.218.238
875,Yuri,Justun,yjustunoa@sciencedaily.com,Male,159.5.231.6
876,Clayborne,Vasnetsov,cvasnetsovob@canalblog.com,Genderfluid,168.96.147.31
877,Sharline,Kinsett,skinsettoc@google.co.uk,Female,45.155.66.156
878,Leora,Harden,lhardenod@indiegogo.com,Female,205.184.255.193
879,Lanette,Lyons,llyonsoe@ebay.com,Female,172.91.239.208
880,Janka,Geere,jgeereof@oakley.com,Female,208.254.68.122
881,Dulce,McOnie,dmconieog@adobe.com,Female,224.150.111.222
882,Veronique,Astridge,vastridgeoh@woothemes.com,Female,151.215.66.75
883,Elise,Conyers,econyersoi@senate.gov,Female,255.69.54.182
884,Frankie,Sollitt,fsollittoj@51.la,Male,17.184.95.126
885,Perrine,Phette,pphetteok@themeforest.net,Female,79.71.175.84
886,Dennet,Kun,dkunol@csmonitor.com,Male,111.226.8.155
887,Carlota,Salatino,csalatinoom@unblog.fr,Female,26.87.211.204
888,Trix,Borzoni,tborzonion@ox.ac.uk,Female,253.150.141.50
889,Shana,Alflat,salflatoo@pen.io,Female,237.113.34.225
890,Herschel,Buxey,hbuxeyop@oakley.com,Male,231.100.17.57
891,Bambi,Von Welldun,bvonwelldunoq@infoseek.co.jp,Female,211.195.161.99
892,Clayson,Fasey,cfaseyor@kickstarter.com,Male,172.242.139.101
893,Tess,Lindley,tlindleyos@domainmarket.com,Female,226.203.214.94
894,Marchall,Scarce,mscarceot@woothemes.com,Male,182.89.181.235
895,Pasquale,Clinch,pclinchou@yolasite.com,Male,81.134.69.194
896,Hodge,Goode,hgoodeov@freewebs.com,Male,245.221.10.65
897,Rafaelia,Olliver,rolliverow@biglobe.ne.jp,Female,255.200.59.66
898,Brittney,Hasted,bhastedox@arstechnica.com,Female,136.220.24.166
899,Chad,Doidge,cdoidgeoy@github.com,Genderfluid,223.36.35.80
900,Shay,Bunt,sbuntoz@homestead.com,Female,195.141.31.53
901,Christophorus,Gellan,cgellanp0@list-manage.com,Male,122.176.70.181
902,Kitty,Game,kgamep1@hubpages.com,Female,123.228.68.217
903,Kristian,Bendon,kbendonp2@tamu.edu,Male,253.136.110.252
904,Gilli,Longcake,glongcakep3@printfriendly.com,Female,217.43.71.27
905,Katya,Lighten,klightenp4@creativecommons.org,Female,237.244.209.158
906,Tish,Trythall,ttrythallp5@mashable.com,Female,174.76.80.184
907,Jo,Gosforth,jgosforthp6@elegantthemes.com,Female,190.137.84.132
908,Nealy,Denver,ndenverp7@diigo.com,Male,66.188.105.181
909,Olive,Wolfers,owolfersp8@wix.com,Genderfluid,234.62.169.46
910,Umberto,Maeer,umaeerp9@oracle.com,Male,115.178.167.83
911,Ajay,Febre,afebrepa@jalbum.net,Female,151.56.147.139
912,Allen,Bonefant,abonefantpb@163.com,Male,116.133.155.101
913,Brina,Pfleger,bpflegerpc@walmart.com,Female,77.127.96.100
914,Kamila,Wogden,kwogdenpd@cpanel.net,Female,100.63.237.4
915,Siegfried,Kyme,skymepe@ed.gov,Male,27.24.180.67
916,Thor,Ronchka,tronchkapf@bing.com,Male,194.84.107.63
917,Cortney,Oakton,coaktonpg@xrea.com,Female,125.39.168.110
918,Cymbre,Adshed,cadshedph@weibo.com,Female,136.122.206.82
919,Rania,Lafford,rlaffordpi@adobe.com,Female,190.61.220.117
920,Eulalie,Mc Meekin,emcmeekinpj@reddit.com,Female,190.116.232.81
921,Filip,Govenlock,fgovenlockpk@canalblog.com,Male,153.78.201.58
922,Alejandro,Bruckshaw,abruckshawpl@census.gov,Male,108.84.17.245
923,Hermina,Bussens,hbussenspm@edublogs.org,Female,181.128.45.0
924,Dur,Ponting,dpontingpn@tiny.cc,Male,123.175.81.252
925,Kellen,Ixer,kixerpo@mediafire.com,Female,114.253.135.225
926,Hamlen,Mattschas,hmattschaspp@amazon.de,Male,88.195.121.95
927,Marwin,Wrankling,mwranklingpq@dmoz.org,Male,70.255.231.71
928,Astrix,Lippett,alippettpr@ask.com,Female,157.60.100.151
929,Tabatha,Dulinty,tdulintyps@goo.ne.jp,Female,56.97.116.62
930,Melisa,Joncic,mjoncicpt@friendfeed.com,Female,246.218.52.27
931,Laryssa,Caddy,lcaddypu@elpais.com,Female,150.127.194.36
932,Marcelline,Lockitt,mlockittpv@elegantthemes.com,Female,50.137.48.119
933,Christen,Marsy,cmarsypw@narod.ru,Female,220.7.249.28
934,Nissa,Northern,nnorthernpx@yellowbook.com,Female,174.17.50.226
935,Trisha,Courtese,tcourtesepy@4shared.com,Female,11.229.84.231
936,Constantine,Cronshaw,ccronshawpz@alibaba.com,Male,103.93.13.40
937,Barbe,Kenton,bkentonq0@plala.or.jp,Female,147.22.251.37
938,Arnuad,Handrock,ahandrockq1@nyu.edu,Male,202.199.180.192
939,Trish,McOwan,tmcowanq2@phpbb.com,Female,72.148.37.53
940,Salli,Riping,sripingq3@cocolog-nifty.com,Female,199.203.166.51
941,Richardo,Awmack,rawmackq4@histats.com,Male,54.199.16.217
942,Salvidor,Pedroli,spedroliq5@ebay.co.uk,Male,84.106.45.208
943,Lauren,Casseldine,lcasseldineq6@networksolutions.com,Female,144.34.32.128
944,Remus,McCaughey,rmccaugheyq7@ocn.ne.jp,Male,187.255.189.124
945,Dorotea,Derbyshire,dderbyshireq8@slideshare.net,Female,66.206.30.249
946,Konstanze,Gazzard,kgazzardq9@example.com,Female,135.75.215.13
947,Evelin,Borzoni,eborzoniqa@patch.com,Male,210.24.29.130
948,Maribelle,Tammadge,mtammadgeqb@purevolume.com,Female,56.103.166.71
949,Caterina,Lavarack,clavarackqc@com.com,Female,141.250.118.35
950,Truman,Peal,tpealqd@slate.com,Male,2.124.79.10
951,Carling,Hovel,chovelqe@unicef.org,Male,140.60.19.100
952,Albert,Moehler,amoehlerqf@wsj.com,Male,225.72.37.102
953,Sibelle,Meaney,smeaneyqg@kickstarter.com,Female,1.97.27.250
954,Drud,Varndell,dvarndellqh@quantcast.com,Male,112.225.153.133
955,Elsey,Frays,efraysqi@jiathis.com,Female,60.163.220.45
956,Lisabeth,Masic,lmasicqj@xrea.com,Female,185.162.174.209
957,Babita,Sherlock,bsherlockqk@rediff.com,Female,194.83.105.141
958,Lorenzo,Oakenfall,loakenfallql@list-manage.com,Male,181.231.138.177
959,Dalis,Blunden,dblundenqm@netlog.com,Male,58.86.139.123
960,Ole,Morgen,omorgenqn@businessweek.com,Male,12.208.40.61
961,Carroll,Melland,cmellandqo@a8.net,Female,175.189.159.25
962,Lenci,Smout,lsmoutqp@macromedia.com,Male,124.67.79.68
963,August,Rodgers,arodgersqq@amazon.co.jp,Male,187.208.164.24
964,Ailey,Piris,apirisqr@hao123.com,Female,92.32.178.9
965,Bertina,McDavid,bmcdavidqs@hatena.ne.jp,Female,251.244.15.255
966,Dougie,Cowlishaw,dcowlishawqt@usatoday.com,Male,78.234.20.43
967,Gonzales,Antwis,gantwisqu@mediafire.com,Male,236.164.83.102
968,Vassily,Dickon,vdickonqv@cbsnews.com,Male,38.163.243.102
969,Cecily,Powe,cpoweqw@msu.edu,Female,166.217.180.38
970,Dulcie,Forbes,dforbesqx@privacy.gov.au,Non-binary,141.157.45.52
971,Carry,Baraclough,cbaracloughqy@opera.com,Female,33.188.60.252
972,Rebecka,Godfroy,rgodfroyqz@tuttocitta.it,Female,57.127.237.94
973,Dian,Adolphine,dadolphiner0@imageshack.us,Agender,139.15.78.138
974,Homer,Dugdale,hdugdaler1@google.com.au,Male,103.122.214.123
975,Krystyna,Collecott,kcollecottr2@marriott.com,Female,209.50.58.119
976,Gunilla,Croom,gcroomr3@nydailynews.com,Female,254.32.124.79
977,Charyl,Phlippsen,cphlippsenr4@ucoz.ru,Female,149.191.70.4
978,Tarrah,Roake,troaker5@wp.com,Female,57.237.88.185
979,Jerrome,Zellmer,jzellmerr6@sitemeter.com,Male,148.222.70.135
980,Alyse,Berger,abergerr7@china.com.cn,Female,62.44.88.155
981,Melli,Eliyahu,meliyahur8@so-net.ne.jp,Female,127.249.113.86
982,Carleton,Collington,ccollingtonr9@epa.gov,Male,228.32.12.51
983,Temple,Cordingly,tcordinglyra@printfriendly.com,Male,169.231.69.132
984,Erik,McKelvey,emckelveyrb@tmall.com,Male,0.114.211.83
985,Osbourn,Korf,okorfrc@uol.com.br,Male,238.220.51.104
986,Mikel,Flaubert,mflaubertrd@liveinternet.ru,Male,111.224.115.170
987,Giacomo,McFarlane,gmcfarlanere@msn.com,Male,201.32.141.203
988,Ceil,Siddele,csiddelerf@scribd.com,Female,170.203.165.130
989,Gilda,Crockley,gcrockleyrg@seesaa.net,Female,58.176.242.4
990,Reidar,Menlove,rmenloverh@tripod.com,Male,190.239.92.125
991,Charlene,Pilley,cpilleyri@tinyurl.com,Female,202.176.5.65
992,Lona,Sooper,lsooperrj@xinhuanet.com,Female,225.171.241.45
993,Antonella,Vlach,avlachrk@webeden.co.uk,Female,22.133.123.225
994,Sammy,Chedzoy,schedzoyrl@upenn.edu,Male,143.59.187.74
995,Yancey,Gormley,ygormleyrm@nasa.gov,Male,5.27.44.42
996,Kathlin,Stean,ksteanrn@surveymonkey.com,Female,85.109.53.98
997,Johnnie,Casley,jcasleyro@de.vu,Male,115.79.230.73
998,Josias,Surgeon,jsurgeonrp@icq.com,Male,196.22.186.51
999,Trish,Spears,tspearsrq@scribd.com,Female,115.125.44.77
1000,Lanae,Gammidge,lgammidgerr@sohu.com,Female,141.215.237.110
